{"Accuracy": 0.6520833333333333, "F1_score": 0.6376494595244595, "Precision": 0.6264979438800193, "Recall": 0.6520833333333333}